No.,type,협업 이력,Handle ID,Channel,Profile URL,Followers,Tier,Email Address,Phone number,Discord ID,Country,콘텐츠 제작 누적 수량,특이사항,,srp 연동
1,KOC,"인하우스 박스 1차, 새벽네시 1차",glowbymari,TikTok,https://www.tiktok.com/@glowbymari,3125,Nano,star1@mail.pt,(+351) 6 00 00 00 01,glowbymari,PT,5,,,FALSE
2,KOC,인하우스 박스 1차,julieskinlab,TikTok,https://www.tiktok.com/@julieskinlab,2261,Nano,star2@mail.be,(+32) 7 00 00 00 02,julieskin,BE,3,,,FALSE
3,KOC,"인하우스 박스 1차, MKT_Heimish, MKT_Mary&May, 타임리미티트 2차",lenaglowup,TikTok,https://www.tiktok.com/@lenaglowup,17300,Micro,ambassador1@mail.de,(+49) 6 00 00 00 03,lenaglow,DE,12,,,TRUE
4,KOC,인하우스 박스 1차,skinbygiulia,TikTok,https://www.tiktok.com/@skinbygiulia,2981,Nano,active1@mail.it,(+39) 7 00 00 00 04,giuliaskin,IT,2,,,FALSE
5,KOC,인하우스 박스 2차,zofiabeautypl,TikTok,https://www.tiktok.com/@zofiabeautypl,4880,Nano,active2@mail.pl,(+48) 7 00 00 00 05,zofiab,PL,1,,,FALSE
6,KOC,,newpoolonly1,TikTok,https://www.tiktok.com/@newpoolonly1,1835,Nano,poolonly1@mail.fr,(+33) 6 00 00 00 06,newpool1,FR,0,,,FALSE
7,KOC,인하우스 박스 1차,newpoolonly2,Instagram,https://www.instagram.com/newpoolonly2,52150,Micro,poolonly2@mail.de,(+49) 7 00 00 00 07,newpool2,DE,1,,,FALSE
8,KOC,"인하우스 박스 1차, 타임리미티트 1차, MKT_K-secret",midtierstar,TikTok,https://www.tiktok.com/@midtierstar,176900,Mid,poolonly3@mail.es,(+34) 6 00 00 00 08,midstar,ES,4,,,TRUE
9,KOC,,noemailrow,TikTok,https://www.tiktok.com/@noemailrow,2296,Nano,,(+33) 7 00 00 00 09,noemail,FR,0,,,FALSE
